{
  "bert_uncased_L-12_H-768_A-12": {
    "model": "bert_uncased_L-12_H-768_A-12",
    "final_epoch": 200,
    "final_loss": 0.0017938945330334,
    "final_accuracy": 1.0,
    "min_loss": 0.0,
    "max_accuracy": 1.0,
    "final_emb": 14.788579870153356,
    "final_L1": 12.473976841679326,
    "final_L2": 12.474826671459056,
    "final_L3": 14.070617110640914,
    "final_L4": 17.447419343171298,
    "final_L5": 17.806889145462602,
    "final_L6": 18.94516302038122,
    "final_L7": 22.14715434886791,
    "final_L8": 23.90950520833333,
    "final_L9": 23.84328771520544,
    "final_L10": 24.17230365894459,
    "final_L11": 25.72196169252749,
    "final_L12": 20.495016168665003
  },
  "bert_uncased_L-2_H-128_A-2": {
    "model": "bert_uncased_L-2_H-128_A-2",
    "final_epoch": 200,
    "final_loss": 0.5921239874981068,
    "final_accuracy": 0.9444444444444444,
    "min_loss": 0.0,
    "max_accuracy": 1.0,
    "final_emb": 12.595070874249494,
    "final_L1": 9.213545128151225,
    "final_L2": 11.844908678973162,
    "final_L3": NaN,
    "final_L4": NaN,
    "final_L5": NaN,
    "final_L6": NaN,
    "final_L7": NaN,
    "final_L8": NaN,
    "final_L9": NaN,
    "final_L10": NaN,
    "final_L11": NaN,
    "final_L12": NaN
  },
  "bert_uncased_L-4_H-256_A-4": {
    "model": "bert_uncased_L-4_H-256_A-4",
    "final_epoch": 200,
    "final_loss": 0.0474951405216146,
    "final_accuracy": 1.0,
    "min_loss": 0.0,
    "max_accuracy": 1.0,
    "final_emb": 16.678253173828125,
    "final_L1": 16.981884143970632,
    "final_L2": 14.453985708731192,
    "final_L3": 14.533412792064526,
    "final_L4": 13.694001798276547,
    "final_L5": NaN,
    "final_L6": NaN,
    "final_L7": NaN,
    "final_L8": NaN,
    "final_L9": NaN,
    "final_L10": NaN,
    "final_L11": NaN,
    "final_L12": NaN
  },
  "bert_uncased_L-4_H-512_A-8": {
    "model": "bert_uncased_L-4_H-512_A-8",
    "final_epoch": 200,
    "final_loss": 0.0069731182798191,
    "final_accuracy": 1.0,
    "min_loss": 0.0,
    "max_accuracy": 1.0,
    "final_emb": 18.05699736983688,
    "final_L1": 15.793611314561632,
    "final_L2": 16.12264279966001,
    "final_L3": 20.73902780038339,
    "final_L4": 17.9021031415021,
    "final_L5": NaN,
    "final_L6": NaN,
    "final_L7": NaN,
    "final_L8": NaN,
    "final_L9": NaN,
    "final_L10": NaN,
    "final_L11": NaN,
    "final_L12": NaN
  },
  "bert_uncased_L-8_H-512_A-8": {
    "model": "bert_uncased_L-8_H-512_A-8",
    "final_epoch": 200,
    "final_loss": 0.0052713892698563,
    "final_accuracy": 1.0,
    "min_loss": 0.0,
    "max_accuracy": 1.0,
    "final_emb": 19.80463225753219,
    "final_L1": 19.81763853850188,
    "final_L2": 18.080785539415142,
    "final_L3": 18.188077714708115,
    "final_L4": 17.262755782515914,
    "final_L5": 22.30790936505353,
    "final_L6": 23.94708393238209,
    "final_L7": 25.52719483552156,
    "final_L8": 18.83041028623228,
    "final_L9": NaN,
    "final_L10": NaN,
    "final_L11": NaN,
    "final_L12": NaN
  }
}