{
  "bert_uncased_L-12_H-768_A-12": {
    "model": "bert_uncased_L-12_H-768_A-12",
    "final_epoch": 200,
    "final_loss": 0.0020416333874756,
    "final_accuracy": 1.0,
    "min_loss": 0.0,
    "max_accuracy": 1.0,
    "final_emb": 14.782809222186051,
    "final_L1": 12.48971755416305,
    "final_L2": 12.48535876803928,
    "final_L3": 13.995088365342882,
    "final_L4": 17.026700337727863,
    "final_L5": 17.519935184054905,
    "final_L6": 18.815671143708407,
    "final_L7": 22.231078253852,
    "final_L8": 23.96115960015191,
    "final_L9": 23.84536178023727,
    "final_L10": 24.088129961932147,
    "final_L11": 25.48356656674985,
    "final_L12": 20.53872624150029
  },
  "bert_uncased_L-2_H-128_A-2": {
    "model": "bert_uncased_L-2_H-128_A-2",
    "final_epoch": 200,
    "final_loss": 0.5121977616239477,
    "final_accuracy": 0.9814814814814816,
    "min_loss": 0.0,
    "max_accuracy": 1.0,
    "final_emb": 12.578763043438949,
    "final_L1": 9.274106838085034,
    "final_L2": 11.903718453866464,
    "final_L3": NaN,
    "final_L4": NaN,
    "final_L5": NaN,
    "final_L6": NaN,
    "final_L7": NaN,
    "final_L8": NaN,
    "final_L9": NaN,
    "final_L10": NaN,
    "final_L11": NaN,
    "final_L12": NaN
  },
  "bert_uncased_L-4_H-256_A-4": {
    "model": "bert_uncased_L-4_H-256_A-4",
    "final_epoch": 200,
    "final_loss": 0.0525420651667647,
    "final_accuracy": 1.0,
    "min_loss": 0.0,
    "max_accuracy": 1.0,
    "final_emb": 16.686124872278285,
    "final_L1": 16.97927799931279,
    "final_L2": 14.815602761727792,
    "final_L3": 14.536581816496671,
    "final_L4": 13.625201755099829,
    "final_L5": NaN,
    "final_L6": NaN,
    "final_L7": NaN,
    "final_L8": NaN,
    "final_L9": NaN,
    "final_L10": NaN,
    "final_L11": NaN,
    "final_L12": NaN
  },
  "bert_uncased_L-4_H-512_A-8": {
    "model": "bert_uncased_L-4_H-512_A-8",
    "final_epoch": 200,
    "final_loss": 0.0074016237114038,
    "final_accuracy": 1.0,
    "min_loss": 0.0,
    "max_accuracy": 1.0,
    "final_emb": 18.055797718189385,
    "final_L1": 15.755428596779153,
    "final_L2": 15.743858337402344,
    "final_L3": 20.77089521620009,
    "final_L4": 17.951218216507524,
    "final_L5": NaN,
    "final_L6": NaN,
    "final_L7": NaN,
    "final_L8": NaN,
    "final_L9": NaN,
    "final_L10": NaN,
    "final_L11": NaN,
    "final_L12": NaN
  },
  "bert_uncased_L-8_H-512_A-8": {
    "model": "bert_uncased_L-8_H-512_A-8",
    "final_epoch": 200,
    "final_loss": 0.0055226721559409,
    "final_accuracy": 1.0,
    "min_loss": 0.0,
    "max_accuracy": 1.0,
    "final_emb": 19.801437377929688,
    "final_L1": 19.835945694534868,
    "final_L2": 18.16407888906973,
    "final_L3": 18.23132719816985,
    "final_L4": 17.236644744873047,
    "final_L5": 22.32633915653935,
    "final_L6": 23.944943180790656,
    "final_L7": 25.644824840404368,
    "final_L8": 18.889561405888312,
    "final_L9": NaN,
    "final_L10": NaN,
    "final_L11": NaN,
    "final_L12": NaN
  }
}