{
  "bert_uncased_L-12_H-768_A-12": {
    "model": "bert_uncased_L-12_H-768_A-12",
    "final_epoch": 200,
    "final_loss": 0.000192565306924,
    "final_accuracy": 1.0,
    "min_loss": 0.0,
    "max_accuracy": 1.0,
    "final_emb": 14.769249,
    "final_L1": 12.408891,
    "final_L2": 12.454803,
    "final_L3": 13.787301,
    "final_L4": 16.863165,
    "final_L5": 17.365082,
    "final_L6": 18.349354,
    "final_L7": 21.09562,
    "final_L8": 23.320091,
    "final_L9": 23.919613,
    "final_L10": 24.359571,
    "final_L11": 25.715021,
    "final_L12": 20.437864
  },
  "bert_uncased_L-2_H-128_A-2": {
    "model": "bert_uncased_L-2_H-128_A-2",
    "final_epoch": 200,
    "final_loss": 0.0253316712564023,
    "final_accuracy": 0.9963570127504554,
    "min_loss": 0.0,
    "max_accuracy": 1.0,
    "final_emb": 12.61712456096934,
    "final_L1": 9.048105917341722,
    "final_L2": 11.792091842123286,
    "final_L3": NaN,
    "final_L4": NaN,
    "final_L5": NaN,
    "final_L6": NaN,
    "final_L7": NaN,
    "final_L8": NaN,
    "final_L9": NaN,
    "final_L10": NaN,
    "final_L11": NaN,
    "final_L12": NaN
  },
  "bert_uncased_L-4_H-256_A-4": {
    "model": "bert_uncased_L-4_H-256_A-4",
    "final_epoch": 200,
    "final_loss": 0.0021591631395365,
    "final_accuracy": 1.0,
    "min_loss": 0.0,
    "max_accuracy": 1.0,
    "final_emb": 16.673902515070903,
    "final_L1": 16.95725497608845,
    "final_L2": 14.516074342154416,
    "final_L3": 14.02032748640995,
    "final_L4": 13.749876164782023,
    "final_L5": NaN,
    "final_L6": NaN,
    "final_L7": NaN,
    "final_L8": NaN,
    "final_L9": NaN,
    "final_L10": NaN,
    "final_L11": NaN,
    "final_L12": NaN
  },
  "bert_uncased_L-4_H-512_A-8": {
    "model": "bert_uncased_L-4_H-512_A-8",
    "final_epoch": 200,
    "final_loss": 0.0003391484100581,
    "final_accuracy": 1.0,
    "min_loss": 0.0,
    "max_accuracy": 1.0,
    "final_emb": 18.05853081096934,
    "final_L1": 15.84847508275878,
    "final_L2": 16.36220040521118,
    "final_L3": 21.569419582901972,
    "final_L4": 18.000421715130138,
    "final_L5": NaN,
    "final_L6": NaN,
    "final_L7": NaN,
    "final_L8": NaN,
    "final_L9": NaN,
    "final_L10": NaN,
    "final_L11": NaN,
    "final_L12": NaN
  },
  "bert_uncased_L-8_H-512_A-8": {
    "model": "bert_uncased_L-8_H-512_A-8",
    "final_epoch": 200,
    "final_loss": 0.0003747888114464,
    "final_accuracy": 1.0,
    "min_loss": 0.0,
    "max_accuracy": 1.0,
    "final_emb": 19.8091297114916,
    "final_L1": 19.77158284838734,
    "final_L2": 18.12842106775725,
    "final_L3": 18.090657899505672,
    "final_L4": 17.11814492647765,
    "final_L5": 22.2709676607059,
    "final_L6": 23.741987134589525,
    "final_L7": 26.119759286904813,
    "final_L8": 18.863166697906884,
    "final_L9": NaN,
    "final_L10": NaN,
    "final_L11": NaN,
    "final_L12": NaN
  }
}