{
  "bert_uncased_L-2_H-128_A-2": {
    "model": "bert_uncased_L-2_H-128_A-2",
    "final_epoch": 200,
    "final_loss": 0.0312553166983021,
    "final_accuracy": 0.9899872565082832,
    "min_loss": 0.0,
    "max_accuracy": 0.9921718550882942,
    "final_emb": 12.661086,
    "final_L1": 8.704698,
    "final_L2": 11.752624,
    "final_L3": NaN,
    "final_L4": NaN,
    "final_L5": NaN,
    "final_L6": NaN,
    "final_L7": NaN,
    "final_L8": NaN
  },
  "bert_uncased_L-4_H-256_A-4": {
    "model": "bert_uncased_L-4_H-256_A-4",
    "final_epoch": 200,
    "final_loss": 0.0004661359102687,
    "final_accuracy": 0.9998179501183324,
    "min_loss": 0.0,
    "max_accuracy": 1.0,
    "final_emb": 16.529285,
    "final_L1": 16.796906,
    "final_L2": 14.763155,
    "final_L3": 13.479355,
    "final_L4": 13.642268,
    "final_L5": NaN,
    "final_L6": NaN,
    "final_L7": NaN,
    "final_L8": NaN
  },
  "bert_uncased_L-4_H-512_A-8": {
    "model": "bert_uncased_L-4_H-512_A-8",
    "final_epoch": 200,
    "final_loss": 3.927268180435349e-05,
    "final_accuracy": 1.0,
    "min_loss": 0.0,
    "max_accuracy": 1.0,
    "final_emb": 17.919798,
    "final_L1": 15.589347,
    "final_L2": 16.27297,
    "final_L3": 21.486395,
    "final_L4": 17.942966,
    "final_L5": NaN,
    "final_L6": NaN,
    "final_L7": NaN,
    "final_L8": NaN
  },
  "bert_uncased_L-8_H-512_A-8": {
    "model": "bert_uncased_L-8_H-512_A-8",
    "final_epoch": 200,
    "final_loss": 3.2086251410977605e-05,
    "final_accuracy": 1.0,
    "min_loss": 0.0,
    "max_accuracy": 1.0,
    "final_emb": 19.73596,
    "final_L1": 19.559797,
    "final_L2": 17.824924,
    "final_L3": 17.826702,
    "final_L4": 16.742123,
    "final_L5": 21.95546,
    "final_L6": 23.601109,
    "final_L7": 25.995369,
    "final_L8": 18.707417
  }
}